task_text,category,priority,day_of_week,is_weekend,hour_slot,estimated_duration,actual_duration,completed
client call,work,medium,Wed,0,12,55,63,1
algorithm practice,learning,low,Mon,0,20,32,34,1
car maintenance,personal,low,Wed,0,15,15,14,0
cycling session,health,low,Tue,0,5,26,25,0
prepare presentation,academic,medium,Fri,0,13,41,43,1
research paper draft,academic,medium,Thu,0,10,91,92,1
lab report writeup,academic,medium,Wed,0,10,80,80,1
practice coding,learning,medium,Tue,0,20,43,54,0
meditation session,health,low,Sun,1,8,42,40,1
laundry & cleaning,personal,high,Wed,0,11,23,30,0
research paper draft,academic,medium,Fri,0,13,67,72,1
language practice,learning,medium,Mon,0,20,32,36,1
grocery shopping,personal,low,Thu,0,13,37,38,1
solve problem set,academic,medium,Mon,0,15,43,47,0
lab report writeup,academic,medium,Thu,0,13,76,89,0
solve problem set,academic,low,Sun,1,13,51,58,0
prepare slide deck,work,low,Wed,0,14,33,30,1
client call,work,medium,Mon,0,13,69,76,1
fix high-prio bug,work,medium,Mon,0,15,47,58,0
update roadmap,work,low,Wed,0,8,40,46,1
cycling session,health,high,Tue,0,5,47,56,1
lab report writeup,academic,low,Mon,0,15,33,27,0
reply to emails,work,medium,Fri,0,12,61,70,1
client call,work,high,Wed,0,11,42,56,1
client call,work,medium,Tue,0,14,54,66,1
budget review,personal,medium,Sun,1,15,15,18,1
read chapter,academic,medium,Mon,0,8,52,60,1
team standup,work,low,Sun,1,10,45,50,0
yoga session,health,high,Tue,0,5,50,63,1
solve problem set,academic,medium,Sat,1,14,73,86,1
yoga session,health,high,Thu,0,6,36,43,1
prepare presentation,academic,low,Sat,1,8,66,66,0
finish assignment,academic,low,Sun,1,10,85,73,0
practice coding,learning,low,Tue,0,3,47,42,0
algorithm practice,learning,medium,Sun,1,23,45,61,1
organize closet,personal,medium,Wed,0,19,15,14,1
update roadmap,work,high,Wed,0,15,40,53,1
research paper draft,academic,medium,Wed,0,13,30,37,1
stretching routine,health,high,Thu,0,6,38,63,0
code review,work,low,Mon,0,12,59,60,0
finish assignment,academic,high,Thu,0,12,30,41,1
update roadmap,work,medium,Thu,0,15,63,73,0
finish assignment,academic,medium,Fri,0,12,53,67,1
algorithm practice,learning,high,Sat,1,16,49,69,1
client call,work,medium,Wed,0,15,37,40,1
meal prep,health,medium,Tue,0,5,22,28,0
team standup,work,low,Tue,0,10,33,31,0
code review,work,low,Tue,0,11,76,64,1
update roadmap,work,high,Mon,0,16,28,32,1
review lecture notes,academic,medium,Wed,0,9,30,34,1
language practice,learning,medium,Tue,0,20,52,60,1
call family,personal,medium,Sun,1,14,29,37,1
listen to podcast,learning,low,Thu,0,20,45,48,1
listen to podcast,learning,low,Wed,0,16,50,50,1
evening walk,health,medium,Thu,0,6,46,58,1
read tech book,learning,medium,Mon,0,18,41,47,0
study for midterms,academic,low,Wed,0,12,63,55,0
finish assignment,academic,medium,Thu,0,9,80,78,1
prepare presentation,academic,low,Thu,0,11,40,45,1
code review,work,medium,Wed,0,13,15,13,1
prepare slide deck,work,low,Sun,1,15,55,54,0
reply to emails,work,medium,Sat,1,9,82,122,0
car maintenance,personal,low,Thu,0,16,29,30,1
code review,work,medium,Thu,0,10,48,54,1
reply to emails,work,low,Thu,0,16,40,33,0
reply to emails,work,low,Tue,0,14,68,79,0
review lecture notes,academic,medium,Wed,0,11,58,75,1
organize closet,personal,medium,Mon,0,16,28,34,1
finish assignment,academic,medium,Wed,0,11,78,90,1
system design study,learning,low,Thu,0,14,42,44,0
grocery shopping,personal,medium,Tue,0,14,17,19,0
solve problem set,academic,high,Sun,1,14,77,94,1
study for midterms,academic,medium,Sun,1,15,48,60,1
laundry & cleaning,personal,low,Fri,0,22,20,20,0
organize closet,personal,medium,Thu,0,14,51,62,1
plan weekend trip,personal,low,Sat,1,15,28,28,0
car maintenance,personal,low,Mon,0,10,34,36,1
solve problem set,academic,high,Fri,0,16,60,81,1
fix high-prio bug,work,low,Mon,0,8,31,31,1
read chapter,academic,medium,Fri,0,8,73,84,1
read tech book,learning,medium,Tue,0,20,54,80,1
evening walk,health,medium,Sat,1,7,33,41,1
write project report,work,medium,Sun,1,13,51,74,1
research paper draft,academic,low,Mon,0,12,49,49,0
update roadmap,work,low,Wed,0,12,28,27,1
prepare slide deck,work,medium,Sun,1,11,26,27,0
pay bills,personal,low,Thu,0,15,32,37,1
meditation session,health,medium,Sat,1,5,36,38,0
watch tutorial,learning,low,Thu,0,1,72,85,0
prepare slide deck,work,low,Wed,0,7,44,40,0
solve problem set,academic,medium,Tue,0,14,44,55,1
plan weekend trip,personal,low,Tue,0,16,31,26,1
grocery shopping,personal,medium,Fri,0,12,17,19,1
stretching routine,health,medium,Wed,0,7,39,45,1
grocery shopping,personal,high,Thu,0,19,33,42,1
update roadmap,work,low,Thu,0,11,47,46,0
reply to emails,work,low,Thu,0,15,64,63,0
client call,work,low,Sat,1,14,83,90,1
review lecture notes,academic,medium,Sun,1,18,73,66,1
research paper draft,academic,medium,Wed,0,12,83,90,1
solve problem set,academic,low,Sat,1,11,110,124,0
morning run,health,high,Fri,0,7,29,41,0
prepare slide deck,work,low,Thu,0,11,46,52,1
client call,work,medium,Sun,1,13,37,46,1
language practice,learning,medium,Tue,0,20,62,64,0
study for midterms,academic,high,Mon,0,14,65,94,1
prepare slide deck,work,medium,Sat,1,15,32,37,1
laundry & cleaning,personal,high,Wed,0,21,30,50,1
research paper draft,academic,low,Sat,1,14,80,86,0
lab report writeup,academic,high,Sat,1,17,33,47,1
prepare slide deck,work,low,Mon,0,8,33,35,1
solve problem set,academic,high,Sat,1,10,41,58,1
algorithm practice,learning,medium,Wed,0,20,54,65,1
pay bills,personal,high,Thu,0,20,42,55,1
cycling session,health,medium,Thu,0,7,20,24,1
practice coding,learning,medium,Sun,1,17,51,64,1
call family,personal,medium,Mon,0,14,20,25,1
review lecture notes,academic,medium,Wed,0,5,80,101,0
watch tutorial,learning,low,Fri,0,21,46,53,0
code review,work,low,Fri,0,10,46,51,1
grocery shopping,personal,low,Fri,0,12,29,31,0
online course,learning,low,Mon,0,19,66,58,0
update roadmap,work,high,Tue,0,10,75,90,1
research paper draft,academic,low,Wed,0,14,37,36,0
review lecture notes,academic,high,Sat,1,10,40,54,1
fix high-prio bug,work,low,Tue,0,13,49,56,1
call family,personal,low,Tue,0,13,21,16,1
language practice,learning,medium,Sun,1,19,64,66,0
finish assignment,academic,medium,Mon,0,14,81,91,1
reply to emails,work,medium,Sun,1,8,36,37,0
code review,work,medium,Fri,0,15,33,35,1
finish assignment,academic,medium,Sat,1,13,54,59,1
lab report writeup,academic,low,Tue,0,16,62,56,1
update roadmap,work,high,Mon,0,11,49,61,1
watch tutorial,learning,high,Fri,0,18,25,38,1
code review,work,medium,Sat,1,11,30,37,0
write project report,work,low,Fri,0,14,38,41,0
laundry & cleaning,personal,medium,Mon,0,10,22,25,0
team standup,work,low,Fri,0,9,15,17,1
system design study,learning,low,Fri,0,19,25,27,0
watch tutorial,learning,low,Fri,0,8,30,32,0
fix high-prio bug,work,medium,Fri,0,17,43,46,0
update roadmap,work,high,Sat,1,15,38,49,1
code review,work,medium,Thu,0,12,35,45,1
reply to emails,work,medium,Mon,0,10,56,61,1
research paper draft,academic,medium,Thu,0,9,75,75,1
stretching routine,health,low,Mon,0,8,41,39,0
reply to emails,work,medium,Wed,0,14,46,61,1
finish assignment,academic,high,Wed,0,12,42,54,1
fix high-prio bug,work,low,Mon,0,12,33,34,0
system design study,learning,high,Wed,0,16,25,32,1
read chapter,academic,medium,Mon,0,6,54,67,0
lab report writeup,academic,medium,Sat,1,10,75,91,0
code review,work,medium,Sun,1,8,65,64,1
watch tutorial,learning,medium,Mon,0,20,46,54,1
read chapter,academic,high,Sun,1,13,69,77,1
cycling session,health,high,Thu,0,7,20,26,1
grocery shopping,personal,medium,Tue,0,19,25,29,0
lab report writeup,academic,low,Mon,0,13,50,59,0
laundry & cleaning,personal,medium,Thu,0,13,44,52,1
write project report,work,high,Fri,0,13,50,62,1
evening walk,health,low,Fri,0,5,44,43,0
yoga session,health,medium,Mon,0,8,44,55,1
update roadmap,work,medium,Mon,0,14,45,48,1
finish assignment,academic,medium,Wed,0,10,90,115,0
pay bills,personal,low,Tue,0,14,15,14,0
fix high-prio bug,work,medium,Tue,0,16,47,49,1
study for midterms,academic,high,Tue,0,11,82,105,1
research paper draft,academic,low,Sat,1,14,30,25,0
meal prep,health,low,Sun,1,5,48,38,0
meal prep,health,high,Wed,0,5,32,43,0
solve problem set,academic,low,Sun,1,18,62,62,0
update roadmap,work,high,Wed,0,13,33,46,1
solve problem set,academic,medium,Wed,0,14,79,90,0
stretching routine,health,low,Tue,0,5,37,46,0
lab report writeup,academic,high,Fri,0,12,76,104,1
morning run,health,medium,Sun,1,10,44,44,1
client call,work,medium,Thu,0,10,33,34,0
listen to podcast,learning,medium,Wed,0,21,57,66,1
research paper draft,academic,medium,Fri,0,9,46,51,1
fix high-prio bug,work,low,Mon,0,12,45,39,1
read chapter,academic,medium,Sat,1,13,53,61,1
language practice,learning,high,Thu,0,21,63,85,1
system design study,learning,low,Wed,0,21,58,67,1
reply to emails,work,medium,Thu,0,0,44,46,0
gym workout,health,low,Thu,0,6,33,32,0
laundry & cleaning,personal,medium,Mon,0,14,17,23,1
yoga session,health,low,Fri,0,8,41,42,1
write project report,work,high,Tue,0,9,35,43,1
solve problem set,academic,medium,Fri,0,13,30,32,1
finish assignment,academic,low,Sat,1,10,33,29,0
listen to podcast,learning,low,Sat,1,23,74,75,0
practice coding,learning,low,Thu,0,18,40,44,1
morning run,health,medium,Thu,0,6,50,67,0
update roadmap,work,low,Mon,0,10,39,33,0
fix high-prio bug,work,high,Fri,0,16,63,92,1
laundry & cleaning,personal,medium,Tue,0,15,41,48,1
algorithm practice,learning,low,Thu,0,5,37,36,0
online course,learning,medium,Tue,0,21,25,28,0
laundry & cleaning,personal,medium,Mon,0,14,15,14,1
gym workout,health,low,Thu,0,7,31,33,0
lab report writeup,academic,low,Mon,0,13,97,84,0
read chapter,academic,low,Fri,0,14,51,47,0
system design study,learning,medium,Tue,0,19,52,62,1
stretching routine,health,medium,Mon,0,6,53,50,1
prepare presentation,academic,medium,Thu,0,8,62,62,1
study for midterms,academic,high,Mon,0,18,61,92,1
stretching routine,health,high,Tue,0,9,46,63,1
review lecture notes,academic,medium,Fri,0,12,65,70,1
research paper draft,academic,high,Mon,0,12,58,79,1
write project report,work,low,Sat,1,8,34,36,0
meditation session,health,low,Mon,0,5,40,44,0
meditation session,health,low,Tue,0,7,50,44,0
lab report writeup,academic,low,Fri,0,15,95,85,1
grocery shopping,personal,medium,Tue,0,18,32,39,0
finish assignment,academic,high,Mon,0,10,75,108,1
write project report,work,low,Wed,0,14,49,42,1
call family,personal,low,Tue,0,7,29,26,0
morning run,health,medium,Sat,1,8,45,51,1
organize closet,personal,high,Tue,0,15,41,55,1
meditation session,health,low,Fri,0,5,31,31,0
morning run,health,medium,Sat,1,6,25,25,1
solve problem set,academic,low,Wed,0,14,49,49,1
reply to emails,work,low,Sun,1,13,48,45,0
reply to emails,work,high,Wed,0,10,58,69,1
prepare presentation,academic,high,Sun,1,0,40,54,0
algorithm practice,learning,low,Mon,0,5,25,25,0
code review,work,high,Fri,0,13,37,54,1
language practice,learning,medium,Thu,0,21,47,49,1
yoga session,health,high,Wed,0,5,28,39,1
grocery shopping,personal,medium,Thu,0,15,22,21,1
code review,work,medium,Fri,0,10,58,65,0
yoga session,health,medium,Mon,0,6,40,48,1
client call,work,medium,Tue,0,13,50,61,0
solve problem set,academic,low,Fri,0,6,52,55,0
budget review,personal,low,Fri,0,14,22,24,0
write project report,work,low,Sun,1,13,39,37,0
prepare presentation,academic,medium,Fri,0,8,69,83,0
gym workout,health,low,Sun,1,6,25,30,0
study for midterms,academic,medium,Fri,0,11,93,102,1
read tech book,learning,high,Tue,0,16,58,89,1
system design study,learning,low,Mon,0,2,41,45,0
system design study,learning,medium,Fri,0,17,62,69,1
reply to emails,work,medium,Fri,0,8,63,71,1
review lecture notes,academic,high,Mon,0,13,53,72,1
online course,learning,low,Wed,0,22,46,50,0
fix high-prio bug,work,medium,Sun,1,15,67,80,1
system design study,learning,high,Thu,0,17,81,104,1
system design study,learning,high,Wed,0,17,50,53,1
read tech book,learning,medium,Wed,0,17,32,39,1
code review,work,medium,Tue,0,14,37,34,0
client call,work,medium,Wed,0,18,60,60,0
online course,learning,high,Wed,0,22,34,44,0
write project report,work,medium,Mon,0,12,41,41,1
finish assignment,academic,low,Fri,0,9,65,67,0
evening walk,health,high,Wed,0,6,30,39,0
system design study,learning,medium,Sat,1,18,66,82,0
cycling session,health,medium,Sat,1,6,46,44,0
meditation session,health,low,Tue,0,6,60,56,0
review lecture notes,academic,medium,Fri,0,18,75,86,1
cycling session,health,medium,Wed,0,5,30,35,0
algorithm practice,learning,medium,Sat,1,22,57,70,0
lab report writeup,academic,low,Tue,0,12,79,72,0
prepare slide deck,work,medium,Fri,0,9,60,66,1
watch tutorial,learning,high,Thu,0,22,38,54,0
plan weekend trip,personal,low,Tue,0,13,21,16,1
morning run,health,high,Mon,0,5,28,39,0
laundry & cleaning,personal,medium,Fri,0,17,46,57,0
team standup,work,high,Fri,0,11,54,63,1
fix high-prio bug,work,medium,Tue,0,10,32,36,1
car maintenance,personal,medium,Fri,0,18,31,41,0
car maintenance,personal,medium,Wed,0,17,28,34,1
read tech book,learning,high,Fri,0,22,35,49,0
watch tutorial,learning,medium,Tue,0,19,50,63,1
team standup,work,low,Sat,1,8,47,55,0
code review,work,medium,Tue,0,8,73,84,1
budget review,personal,high,Wed,0,13,23,30,1
cycling session,health,medium,Mon,0,9,22,28,1
grocery shopping,personal,medium,Mon,0,17,19,21,1
laundry & cleaning,personal,medium,Thu,0,18,21,22,0
practice coding,learning,high,Tue,0,23,43,55,1
fix high-prio bug,work,low,Sat,1,14,29,30,1
prepare slide deck,work,medium,Mon,0,14,57,63,1
read chapter,academic,low,Wed,0,15,37,36,0
morning run,health,low,Wed,0,7,40,36,1
read chapter,academic,medium,Mon,0,12,100,132,1
fix high-prio bug,work,medium,Mon,0,13,53,59,1
reply to emails,work,medium,Wed,0,14,51,54,1
update roadmap,work,medium,Thu,0,10,72,78,0
yoga session,health,medium,Wed,0,7,52,65,0
prepare presentation,academic,low,Thu,0,13,71,75,1
finish assignment,academic,medium,Thu,0,8,53,58,1
organize closet,personal,low,Mon,0,13,29,29,1
code review,work,low,Wed,0,12,43,44,1
study for midterms,academic,medium,Sun,1,8,51,55,1
update roadmap,work,medium,Thu,0,7,48,47,1
grocery shopping,personal,medium,Fri,0,16,33,40,1
review lecture notes,academic,medium,Tue,0,9,35,38,1
evening walk,health,medium,Fri,0,5,56,67,0
study for midterms,academic,high,Fri,0,11,68,95,1
prepare presentation,academic,medium,Thu,0,13,54,62,1
code review,work,medium,Sun,1,10,48,53,0
update roadmap,work,low,Mon,0,12,58,54,0
meditation session,health,low,Mon,0,16,25,22,0
plan weekend trip,personal,medium,Fri,0,14,28,30,1
system design study,learning,medium,Sat,1,18,32,39,1
update roadmap,work,medium,Mon,0,16,84,110,1
fix high-prio bug,work,medium,Tue,0,11,47,61,0
pay bills,personal,medium,Mon,0,17,18,21,0
client call,work,medium,Tue,0,14,90,118,1
reply to emails,work,high,Fri,0,9,36,47,1
study for midterms,academic,medium,Thu,0,13,55,55,1
lab report writeup,academic,high,Wed,0,12,57,92,1
practice coding,learning,low,Wed,0,20,37,39,0
grocery shopping,personal,low,Mon,0,16,32,27,0
meal prep,health,low,Tue,0,7,20,23,0
reply to emails,work,medium,Fri,0,11,61,65,1
prepare presentation,academic,high,Sun,1,8,37,47,1
finish assignment,academic,low,Sat,1,16,51,56,1
code review,work,high,Mon,0,14,56,86,1
client call,work,low,Sat,1,11,41,37,0
organize closet,personal,high,Fri,0,15,28,43,1
stretching routine,health,medium,Fri,0,8,29,36,1
prepare slide deck,work,low,Wed,0,12,76,70,0
watch tutorial,learning,medium,Wed,0,20,57,64,1
call family,personal,low,Tue,0,13,19,22,1
stretching routine,health,low,Mon,0,8,41,35,1
meal prep,health,low,Tue,0,5,28,32,0
update roadmap,work,high,Tue,0,12,70,102,1
study for midterms,academic,medium,Thu,0,14,63,76,1
team standup,work,low,Fri,0,17,30,30,0
car maintenance,personal,medium,Wed,0,16,36,50,1
prepare presentation,academic,medium,Mon,0,1,54,75,0
review lecture notes,academic,low,Sun,1,22,34,32,0
lab report writeup,academic,medium,Sun,1,14,67,82,0
finish assignment,academic,low,Fri,0,10,67,80,0
listen to podcast,learning,low,Sun,1,20,67,62,1
budget review,personal,medium,Thu,0,13,30,35,1
reply to emails,work,low,Sun,1,8,46,51,0
study for midterms,academic,medium,Mon,0,3,63,58,0
prepare slide deck,work,medium,Wed,0,12,68,85,1
client call,work,low,Tue,0,11,40,36,0
finish assignment,academic,medium,Tue,0,11,69,81,0
write project report,work,low,Mon,0,8,54,60,1
fix high-prio bug,work,high,Thu,0,14,50,51,1
meditation session,health,medium,Fri,0,7,36,45,1
evening walk,health,high,Thu,0,7,41,67,1
review lecture notes,academic,medium,Mon,0,10,58,63,1
code review,work,low,Sat,1,20,74,78,1
yoga session,health,medium,Thu,0,5,35,46,1
team standup,work,high,Wed,0,14,31,35,1
listen to podcast,learning,medium,Fri,0,19,49,61,1
meditation session,health,high,Tue,0,7,39,58,1
read chapter,academic,high,Wed,0,1,63,90,0
lab report writeup,academic,low,Sun,1,12,50,50,1
cycling session,health,low,Tue,0,5,41,37,0
review lecture notes,academic,medium,Wed,0,10,62,81,1
cycling session,health,medium,Sat,1,7,49,57,0
practice coding,learning,high,Fri,0,19,51,63,1
cycling session,health,high,Mon,0,6,41,54,1
team standup,work,medium,Mon,0,15,52,62,1
morning run,health,low,Mon,0,8,48,41,1
reply to emails,work,medium,Thu,0,8,30,35,1
code review,work,low,Wed,0,13,26,25,1
watch tutorial,learning,high,Mon,0,11,75,115,1
fix high-prio bug,work,medium,Sun,1,14,55,51,0
algorithm practice,learning,medium,Thu,0,20,46,58,0
practice coding,learning,low,Tue,0,20,50,57,0
research paper draft,academic,medium,Thu,0,9,52,49,1
solve problem set,academic,medium,Fri,0,10,64,61,1
research paper draft,academic,medium,Mon,0,11,40,54,1
study for midterms,academic,low,Tue,0,5,76,69,0
research paper draft,academic,medium,Sat,1,17,63,95,1
meal prep,health,high,Wed,0,7,42,46,1
review lecture notes,academic,low,Thu,0,10,42,43,0
prepare slide deck,work,low,Wed,0,11,52,52,1
budget review,personal,low,Mon,0,20,21,21,0
read chapter,academic,medium,Tue,0,12,46,55,1
organize closet,personal,medium,Wed,0,18,30,36,1
client call,work,medium,Tue,0,11,82,93,1
research paper draft,academic,low,Mon,0,16,63,57,0
meal prep,health,medium,Sat,1,6,20,25,1
gym workout,health,medium,Sun,1,8,33,40,1
practice coding,learning,medium,Fri,0,17,60,70,1
budget review,personal,high,Sat,1,14,18,26,1
grocery shopping,personal,low,Tue,0,15,38,41,1
reply to emails,work,medium,Sun,1,12,47,50,1
solve problem set,academic,medium,Tue,0,15,79,96,1
call family,personal,medium,Sun,1,18,24,26,0
laundry & cleaning,personal,medium,Sun,1,16,23,29,1
language practice,learning,medium,Fri,0,20,58,65,1
write project report,work,high,Sun,1,18,44,63,1
code review,work,low,Thu,0,14,43,41,1
call family,personal,low,Tue,0,18,45,48,0
code review,work,medium,Wed,0,1,54,56,0
algorithm practice,learning,medium,Thu,0,7,25,29,0
read tech book,learning,low,Mon,0,19,61,67,0
prepare slide deck,work,low,Thu,0,18,55,58,1
laundry & cleaning,personal,low,Sun,1,18,41,42,0
budget review,personal,high,Tue,0,14,20,32,0
review lecture notes,academic,low,Fri,0,12,66,73,0
system design study,learning,low,Sun,1,4,51,55,1
prepare slide deck,work,low,Sun,1,15,30,32,0
organize closet,personal,medium,Sun,1,8,39,48,1
client call,work,low,Thu,0,15,41,48,1
online course,learning,medium,Sun,1,19,67,74,1
team standup,work,low,Fri,0,10,33,36,1
lab report writeup,academic,high,Tue,0,13,30,42,1
watch tutorial,learning,low,Wed,0,19,46,44,1
review lecture notes,academic,medium,Fri,0,13,64,73,0
update roadmap,work,high,Tue,0,14,36,50,1
read tech book,learning,medium,Fri,0,18,25,26,0
listen to podcast,learning,medium,Fri,0,18,55,69,1
cycling session,health,low,Tue,0,6,43,43,0
evening walk,health,low,Thu,0,5,46,46,0
team standup,work,medium,Fri,0,12,39,51,1
update roadmap,work,high,Thu,0,11,38,52,1
update roadmap,work,medium,Mon,0,8,66,88,1
meditation session,health,medium,Mon,0,11,24,26,1
pay bills,personal,medium,Wed,0,16,27,28,1
call family,personal,medium,Sun,1,20,31,35,0
pay bills,personal,low,Tue,0,20,36,27,0
review lecture notes,academic,medium,Thu,0,12,63,79,1
client call,work,high,Tue,0,9,31,38,1
solve problem set,academic,low,Wed,0,12,83,78,0
prepare slide deck,work,medium,Sat,1,10,45,55,0
update roadmap,work,low,Fri,0,14,19,19,1
watch tutorial,learning,medium,Mon,0,14,53,58,1
reply to emails,work,low,Wed,0,12,52,41,0
finish assignment,academic,medium,Mon,0,13,99,129,1
review lecture notes,academic,medium,Thu,0,16,68,84,1
grocery shopping,personal,low,Fri,0,18,15,18,0
stretching routine,health,medium,Mon,0,6,25,27,1
study for midterms,academic,medium,Tue,0,16,85,84,0
research paper draft,academic,high,Wed,0,15,43,64,1
plan weekend trip,personal,low,Sun,1,13,15,15,0
finish assignment,academic,medium,Sun,1,17,80,98,1
car maintenance,personal,low,Mon,0,4,25,29,0
car maintenance,personal,high,Fri,0,13,39,55,1
read chapter,academic,high,Wed,0,9,41,56,1
research paper draft,academic,medium,Wed,0,5,89,105,0
system design study,learning,high,Fri,0,21,63,71,1
fix high-prio bug,work,medium,Sun,1,12,34,43,1
client call,work,medium,Sun,1,11,20,26,1
plan weekend trip,personal,low,Thu,0,16,53,56,1
watch tutorial,learning,medium,Wed,0,22,46,45,0
watch tutorial,learning,low,Fri,0,21,38,38,1
car maintenance,personal,high,Tue,0,16,43,66,1
team standup,work,medium,Thu,0,17,59,64,1
research paper draft,academic,medium,Wed,0,13,83,107,0
pay bills,personal,low,Fri,0,15,29,29,1
stretching routine,health,low,Tue,0,5,58,62,0
reply to emails,work,low,Tue,0,3,25,24,0
system design study,learning,medium,Sun,1,19,41,48,0
lab report writeup,academic,low,Mon,0,14,67,70,1
prepare slide deck,work,high,Thu,0,15,62,75,1
lab report writeup,academic,medium,Tue,0,8,73,86,1
write project report,work,low,Mon,0,13,43,32,1
lab report writeup,academic,medium,Mon,0,10,50,54,1
lab report writeup,academic,medium,Tue,0,11,83,101,1
review lecture notes,academic,medium,Sat,1,12,75,96,1
cycling session,health,medium,Tue,0,8,31,37,1
organize closet,personal,high,Sun,1,17,20,23,1
evening walk,health,medium,Thu,0,6,34,43,1
language practice,learning,high,Wed,0,16,39,47,1
prepare slide deck,work,high,Thu,0,12,60,86,1
write project report,work,low,Thu,0,10,51,45,1
listen to podcast,learning,high,Fri,0,8,58,72,1
finish assignment,academic,low,Tue,0,12,63,57,0
algorithm practice,learning,high,Wed,0,16,53,73,1
research paper draft,academic,medium,Sat,1,14,30,34,1
system design study,learning,high,Sun,1,16,61,87,1
read chapter,academic,high,Sat,1,16,48,65,0
online course,learning,high,Wed,0,20,49,56,1
client call,work,medium,Fri,0,15,37,44,1
listen to podcast,learning,low,Wed,0,19,52,43,1
lab report writeup,academic,low,Thu,0,15,71,65,1
morning run,health,medium,Tue,0,6,29,32,0
watch tutorial,learning,low,Thu,0,20,53,51,0
update roadmap,work,medium,Tue,0,12,38,37,1
gym workout,health,low,Wed,0,8,53,60,1
morning run,health,high,Sat,1,7,28,44,1
team standup,work,medium,Tue,0,19,29,41,1
evening walk,health,high,Mon,0,8,36,54,1
meal prep,health,low,Mon,0,6,30,29,0
read tech book,learning,high,Sun,1,18,46,60,1
prepare presentation,academic,high,Thu,0,14,49,63,1
client call,work,medium,Wed,0,1,46,63,0
language practice,learning,medium,Sat,1,19,65,74,1
practice coding,learning,medium,Sat,1,20,51,66,1
fix high-prio bug,work,low,Wed,0,13,47,53,1
morning run,health,medium,Fri,0,5,29,34,0
team standup,work,medium,Fri,0,14,42,41,1
prepare presentation,academic,low,Fri,0,12,51,51,1
reply to emails,work,medium,Mon,0,12,55,64,1
reply to emails,work,low,Sat,1,12,33,37,0
stretching routine,health,low,Thu,0,6,31,31,0
lab report writeup,academic,low,Tue,0,11,66,58,0
listen to podcast,learning,high,Wed,0,19,79,117,1
algorithm practice,learning,medium,Mon,0,16,47,53,1
cycling session,health,high,Mon,0,5,41,42,0
code review,work,medium,Fri,0,14,59,70,1
update roadmap,work,low,Mon,0,12,52,55,1
plan weekend trip,personal,medium,Wed,0,14,35,37,1
yoga session,health,medium,Thu,0,7,39,44,1
review lecture notes,academic,low,Mon,0,16,58,62,1
practice coding,learning,medium,Sun,1,21,38,45,1
plan weekend trip,personal,low,Tue,0,15,34,29,0
online course,learning,medium,Tue,0,18,56,72,1
laundry & cleaning,personal,medium,Tue,0,14,37,50,0
gym workout,health,low,Tue,0,6,35,33,1
write project report,work,low,Mon,0,10,57,46,0
practice coding,learning,medium,Fri,0,21,67,83,0
online course,learning,medium,Sun,1,20,31,33,0
prepare presentation,academic,low,Tue,0,12,54,57,0
read chapter,academic,high,Fri,0,12,83,137,1
fix high-prio bug,work,low,Fri,0,12,35,30,0
grocery shopping,personal,medium,Sat,1,15,35,37,1
system design study,learning,high,Wed,0,11,50,66,1
prepare presentation,academic,low,Tue,0,13,66,75,0
cycling session,health,low,Wed,0,6,40,54,1
fix high-prio bug,work,low,Fri,0,16,56,57,0
listen to podcast,learning,low,Sat,1,18,34,28,0
organize closet,personal,low,Tue,0,17,20,19,1
pay bills,personal,medium,Wed,0,20,44,47,1
update roadmap,work,low,Sun,1,14,76,81,0
write project report,work,medium,Sat,1,9,44,53,1
team standup,work,high,Sun,1,12,70,85,1
finish assignment,academic,high,Fri,0,16,44,54,1
practice coding,learning,medium,Wed,0,16,42,47,1
budget review,personal,low,Thu,0,13,44,43,1
online course,learning,medium,Fri,0,17,62,71,1
listen to podcast,learning,medium,Mon,0,17,74,86,1
stretching routine,health,medium,Thu,0,7,44,57,0
grocery shopping,personal,low,Fri,0,21,19,18,1
system design study,learning,high,Tue,0,20,53,68,1
car maintenance,personal,medium,Fri,0,13,42,42,0
research paper draft,academic,low,Thu,0,8,57,56,0
fix high-prio bug,work,medium,Sun,1,16,40,47,1
review lecture notes,academic,medium,Mon,0,8,69,66,1
algorithm practice,learning,high,Tue,0,18,41,53,1
stretching routine,health,medium,Thu,0,5,42,54,0
prepare presentation,academic,medium,Tue,0,15,61,75,1
cycling session,health,low,Fri,0,10,35,36,1
yoga session,health,medium,Fri,0,23,49,60,0
fix high-prio bug,work,medium,Mon,0,8,54,59,1
prepare presentation,academic,low,Thu,0,15,52,48,1
cycling session,health,low,Thu,0,6,39,44,1
client call,work,medium,Wed,0,11,40,50,1
call family,personal,low,Sun,1,16,23,21,0
prepare slide deck,work,medium,Sat,1,10,19,18,0
read tech book,learning,low,Fri,0,18,42,39,0
meditation session,health,low,Fri,0,6,33,35,0
cycling session,health,low,Wed,0,5,41,38,0
listen to podcast,learning,high,Sun,1,20,56,78,1
team standup,work,high,Fri,0,14,32,49,1
review lecture notes,academic,high,Fri,0,14,67,90,1
read chapter,academic,medium,Sat,1,14,40,47,1
car maintenance,personal,low,Tue,0,16,28,30,1
cycling session,health,medium,Sat,1,8,33,34,1
budget review,personal,medium,Tue,0,14,37,39,1
review lecture notes,academic,high,Wed,0,18,62,90,1
read chapter,academic,low,Wed,0,13,57,57,0
review lecture notes,academic,medium,Sun,1,8,47,55,1
reply to emails,work,low,Sat,1,11,40,40,0
evening walk,health,low,Fri,0,7,58,64,1
prepare slide deck,work,medium,Fri,0,13,37,44,0
team standup,work,medium,Thu,0,15,52,62,1
system design study,learning,medium,Sun,1,21,48,62,1
update roadmap,work,medium,Thu,0,13,51,68,1
fix high-prio bug,work,medium,Wed,0,11,57,80,1
call family,personal,medium,Tue,0,14,26,28,1
write project report,work,high,Fri,0,15,55,93,1
evening walk,health,high,Fri,0,7,67,81,1
read tech book,learning,medium,Wed,0,17,58,80,1
listen to podcast,learning,low,Mon,0,21,74,69,1
finish assignment,academic,medium,Sat,1,10,69,79,0
system design study,learning,medium,Mon,0,19,36,41,1
write project report,work,low,Fri,0,14,49,45,1
client call,work,high,Sun,1,15,40,54,1
team standup,work,low,Wed,0,18,36,33,1
language practice,learning,high,Tue,0,11,48,57,1
team standup,work,medium,Fri,0,16,42,48,1
team standup,work,medium,Sat,1,13,29,39,0
meal prep,health,medium,Thu,0,5,67,75,0
research paper draft,academic,high,Sun,1,9,76,112,1
research paper draft,academic,medium,Mon,0,15,64,67,1
review lecture notes,academic,medium,Thu,0,14,61,61,1
prepare presentation,academic,low,Fri,0,12,84,88,0
study for midterms,academic,medium,Sat,1,12,101,137,0
read chapter,academic,low,Tue,0,14,73,75,0
stretching routine,health,medium,Sat,1,5,41,51,1
research paper draft,academic,medium,Thu,0,15,89,118,0
update roadmap,work,medium,Wed,0,12,47,54,1
listen to podcast,learning,low,Mon,0,17,56,55,1
client call,work,low,Sat,1,13,60,63,1
stretching routine,health,medium,Mon,0,9,36,44,0
solve problem set,academic,low,Tue,0,11,30,26,0
study for midterms,academic,low,Tue,0,12,51,53,0
research paper draft,academic,low,Sat,1,13,75,75,0
lab report writeup,academic,high,Fri,0,17,74,92,1
code review,work,medium,Fri,0,16,65,74,0
prepare presentation,academic,medium,Tue,0,15,52,53,0
research paper draft,academic,low,Thu,0,15,91,77,0
review lecture notes,academic,low,Thu,0,12,63,63,1
client call,work,medium,Sat,1,9,54,68,1
solve problem set,academic,medium,Sun,1,13,78,87,0
team standup,work,low,Mon,0,10,24,22,0
team standup,work,low,Fri,0,12,29,27,0
evening walk,health,low,Mon,0,7,29,31,0
solve problem set,academic,medium,Thu,0,15,81,109,1
grocery shopping,personal,medium,Tue,0,19,26,32,1
cycling session,health,low,Tue,0,7,60,68,0
finish assignment,academic,low,Wed,0,10,60,54,1
listen to podcast,learning,low,Thu,0,18,27,27,0
read tech book,learning,high,Wed,0,19,39,58,1
prepare presentation,academic,low,Fri,0,15,62,53,0
client call,work,medium,Wed,0,8,52,56,1
budget review,personal,medium,Mon,0,16,20,25,1
budget review,personal,medium,Fri,0,14,35,41,1
read chapter,academic,low,Tue,0,14,76,69,0
review lecture notes,academic,low,Wed,0,0,47,39,0
write project report,work,medium,Fri,0,14,74,96,1
team standup,work,medium,Wed,0,11,37,34,1
yoga session,health,medium,Mon,0,5,30,37,0
write project report,work,medium,Wed,0,9,22,24,1
reply to emails,work,low,Sun,1,13,63,70,0
budget review,personal,high,Fri,0,20,30,36,1
prepare presentation,academic,medium,Fri,0,9,50,73,1
update roadmap,work,low,Thu,0,14,22,23,1
call family,personal,high,Tue,0,20,26,37,1
watch tutorial,learning,medium,Wed,0,20,85,90,0
reply to emails,work,medium,Fri,0,13,15,17,1
write project report,work,medium,Mon,0,12,35,40,1
research paper draft,academic,high,Tue,0,15,95,151,1
fix high-prio bug,work,medium,Tue,0,8,63,75,1
client call,work,low,Wed,0,14,36,38,1
solve problem set,academic,low,Sun,1,12,64,67,1
client call,work,high,Mon,0,12,51,73,1
write project report,work,low,Thu,0,14,47,40,0
lab report writeup,academic,medium,Tue,0,10,95,132,1
reply to emails,work,medium,Sun,1,22,50,52,0
prepare presentation,academic,medium,Mon,0,12,82,94,1
client call,work,medium,Wed,0,10,47,62,0
solve problem set,academic,high,Fri,0,13,30,48,1
algorithm practice,learning,low,Fri,0,3,32,35,0
yoga session,health,low,Wed,0,6,30,28,1
meal prep,health,low,Wed,0,6,37,37,0
laundry & cleaning,personal,high,Wed,0,12,50,69,1
team standup,work,medium,Tue,0,14,50,59,1
read chapter,academic,low,Tue,0,15,57,50,1
reply to emails,work,high,Thu,0,12,63,96,1
meditation session,health,high,Tue,0,8,25,34,1
call family,personal,high,Tue,0,19,25,31,1
update roadmap,work,high,Fri,0,10,35,45,1
lab report writeup,academic,low,Sun,1,14,67,69,0
reply to emails,work,medium,Thu,0,13,58,57,1
team standup,work,medium,Mon,0,13,52,65,1
gym workout,health,high,Mon,0,5,44,61,1
yoga session,health,medium,Sun,1,5,36,48,0
reply to emails,work,medium,Tue,0,13,49,57,0
watch tutorial,learning,medium,Mon,0,19,37,38,1
evening walk,health,low,Thu,0,6,46,40,0
study for midterms,academic,medium,Thu,0,12,49,54,1
read chapter,academic,high,Fri,0,10,37,49,1
research paper draft,academic,high,Tue,0,3,60,76,0
review lecture notes,academic,low,Mon,0,10,30,30,0
research paper draft,academic,low,Sun,1,13,89,84,0
review lecture notes,academic,low,Tue,0,10,75,77,1
code review,work,medium,Fri,0,17,50,55,1
solve problem set,academic,high,Fri,0,14,30,43,1
algorithm practice,learning,low,Thu,0,18,39,38,0
lab report writeup,academic,medium,Tue,0,15,60,78,1
reply to emails,work,high,Tue,0,9,41,59,1
code review,work,medium,Thu,0,16,19,22,1
read tech book,learning,medium,Sat,1,19,30,34,0
research paper draft,academic,medium,Sun,1,11,54,53,1
fix high-prio bug,work,medium,Mon,0,12,25,33,1
system design study,learning,low,Mon,0,18,70,65,0
algorithm practice,learning,medium,Sun,1,19,57,66,1
pay bills,personal,medium,Fri,0,12,21,25,1
team standup,work,high,Sat,1,17,62,82,0
lab report writeup,academic,medium,Tue,0,8,79,103,1
morning run,health,medium,Thu,0,7,42,42,1
watch tutorial,learning,low,Fri,0,21,49,57,0
stretching routine,health,medium,Fri,0,7,37,45,0
morning run,health,low,Wed,0,5,34,33,0
client call,work,low,Mon,0,12,24,23,1
plan weekend trip,personal,medium,Thu,0,19,45,40,1
review lecture notes,academic,high,Tue,0,11,49,61,1
reply to emails,work,low,Wed,0,23,45,43,0
reply to emails,work,medium,Sun,1,14,31,36,1
client call,work,high,Wed,0,14,41,62,1
read chapter,academic,low,Sat,1,16,117,141,0
prepare presentation,academic,medium,Tue,0,17,45,53,1
cycling session,health,medium,Fri,0,8,54,63,0
team standup,work,medium,Sun,1,12,44,48,1
morning run,health,low,Mon,0,7,46,38,0
read chapter,academic,medium,Mon,0,13,84,91,1
write project report,work,medium,Wed,0,8,49,55,1
write project report,work,medium,Mon,0,16,39,49,1
research paper draft,academic,low,Fri,0,7,56,59,0
prepare slide deck,work,medium,Sun,1,10,42,49,1
lab report writeup,academic,low,Wed,0,17,97,91,1
research paper draft,academic,medium,Tue,0,15,30,28,1
algorithm practice,learning,low,Wed,0,21,25,20,1
update roadmap,work,high,Fri,0,10,19,21,1
pay bills,personal,medium,Mon,0,14,21,23,0
fix high-prio bug,work,low,Thu,0,13,55,60,0
stretching routine,health,low,Thu,0,5,47,52,0
budget review,personal,low,Thu,0,17,23,25,1
morning run,health,high,Tue,0,5,39,50,0
code review,work,high,Fri,0,9,28,42,1
reply to emails,work,medium,Mon,0,16,29,30,1
team standup,work,medium,Tue,0,18,53,66,0
read tech book,learning,medium,Sat,1,18,65,62,0
car maintenance,personal,high,Fri,0,21,25,30,1
practice coding,learning,medium,Mon,0,18,74,99,1
read chapter,academic,medium,Tue,0,12,79,89,1
budget review,personal,medium,Tue,0,11,45,48,1
watch tutorial,learning,medium,Tue,0,20,45,57,1
read chapter,academic,low,Tue,0,12,90,101,0
study for midterms,academic,medium,Mon,0,10,103,113,0
laundry & cleaning,personal,medium,Wed,0,12,25,30,0
meal prep,health,medium,Fri,0,5,38,44,0
laundry & cleaning,personal,low,Thu,0,19,20,15,1
study for midterms,academic,medium,Fri,0,14,37,37,1
budget review,personal,medium,Mon,0,15,18,23,1
lab report writeup,academic,medium,Sun,1,10,43,45,1
finish assignment,academic,low,Sat,1,13,65,68,0
prepare presentation,academic,medium,Sat,1,14,44,52,0
laundry & cleaning,personal,medium,Sat,1,11,32,41,1
evening walk,health,medium,Sun,1,7,42,42,1
update roadmap,work,medium,Thu,0,10,37,44,1
fix high-prio bug,work,medium,Tue,0,14,44,50,1
read tech book,learning,high,Thu,0,21,42,52,1
code review,work,low,Fri,0,12,40,37,1
call family,personal,high,Fri,0,14,21,29,1
prepare slide deck,work,medium,Thu,0,16,46,56,1
code review,work,low,Mon,0,11,35,35,1
update roadmap,work,low,Wed,0,11,27,27,0
client call,work,low,Sun,1,10,53,50,1
grocery shopping,personal,medium,Thu,0,15,36,40,0
team standup,work,medium,Thu,0,5,61,65,0
read chapter,academic,medium,Tue,0,12,39,43,1
practice coding,learning,medium,Wed,0,21,42,51,0
write project report,work,medium,Sat,1,13,48,59,0
update roadmap,work,low,Fri,0,10,37,32,1
algorithm practice,learning,low,Fri,0,19,58,53,0
cycling session,health,medium,Wed,0,12,44,47,1
review lecture notes,academic,low,Thu,0,16,69,69,1
algorithm practice,learning,low,Tue,0,21,71,59,1
evening walk,health,medium,Fri,0,5,46,48,0
update roadmap,work,medium,Wed,0,14,47,47,0
lab report writeup,academic,high,Wed,0,13,56,79,1
plan weekend trip,personal,high,Fri,0,12,28,38,1
cycling session,health,medium,Sun,1,5,29,32,0
code review,work,medium,Mon,0,9,18,18,1
online course,learning,medium,Sat,1,16,56,62,1
organize closet,personal,medium,Tue,0,1,42,46,0
lab report writeup,academic,low,Wed,0,12,53,62,0
write project report,work,medium,Mon,0,14,68,86,1
finish assignment,academic,high,Tue,0,15,56,70,1
plan weekend trip,personal,medium,Thu,0,17,15,18,1
research paper draft,academic,medium,Mon,0,11,78,98,1
gym workout,health,medium,Thu,0,7,35,37,1
budget review,personal,low,Sun,1,19,40,34,1
online course,learning,medium,Mon,0,19,30,28,1
prepare slide deck,work,low,Fri,0,13,51,57,1
budget review,personal,low,Wed,0,13,21,21,0
research paper draft,academic,low,Fri,0,13,64,66,1
grocery shopping,personal,high,Tue,0,13,37,47,1
solve problem set,academic,low,Mon,0,14,70,61,0
code review,work,medium,Tue,0,14,46,47,0
call family,personal,low,Mon,0,14,16,14,0
lab report writeup,academic,high,Tue,0,13,74,108,1
research paper draft,academic,low,Fri,0,11,80,92,1
plan weekend trip,personal,medium,Sat,1,16,19,22,0
call family,personal,high,Sat,1,14,21,24,1
meal prep,health,high,Fri,0,6,50,71,0
stretching routine,health,low,Mon,0,5,37,42,0
update roadmap,work,high,Tue,0,14,31,46,1
fix high-prio bug,work,medium,Tue,0,14,49,56,1
client call,work,medium,Tue,0,13,35,39,0
study for midterms,academic,low,Thu,0,10,63,63,1
algorithm practice,learning,low,Thu,0,19,43,48,1
meal prep,health,medium,Wed,0,8,36,45,1
code review,work,medium,Wed,0,14,61,67,1
code review,work,medium,Sat,1,14,15,17,1
listen to podcast,learning,medium,Fri,0,19,58,63,0
research paper draft,academic,medium,Tue,0,12,78,80,0
meal prep,health,low,Sun,1,8,33,37,1
write project report,work,medium,Sun,1,13,59,63,0
evening walk,health,low,Wed,0,6,30,31,0
prepare presentation,academic,medium,Wed,0,18,46,49,1
algorithm practice,learning,medium,Thu,0,18,38,42,0
language practice,learning,high,Sun,1,16,64,85,1
meditation session,health,low,Sat,1,6,22,23,1
yoga session,health,low,Mon,0,6,56,55,0
listen to podcast,learning,low,Wed,0,20,45,40,0
grocery shopping,personal,low,Thu,0,17,36,36,1
research paper draft,academic,low,Thu,0,8,70,65,1
cycling session,health,high,Tue,0,7,41,64,1
meal prep,health,low,Sat,1,6,33,32,1
write project report,work,low,Fri,0,12,63,59,0
plan weekend trip,personal,medium,Sat,1,11,24,33,1
online course,learning,medium,Sat,1,22,39,48,0
listen to podcast,learning,medium,Fri,0,18,63,66,1
code review,work,low,Wed,0,13,47,43,1
finish assignment,academic,medium,Thu,0,10,87,105,1
language practice,learning,low,Tue,0,20,49,49,0
plan weekend trip,personal,low,Fri,0,14,23,25,1
prepare presentation,academic,high,Tue,0,10,65,82,1
read tech book,learning,low,Fri,0,17,43,46,1
language practice,learning,medium,Tue,0,22,40,36,1
fix high-prio bug,work,medium,Mon,0,13,57,65,1
cycling session,health,low,Tue,0,7,58,54,1
team standup,work,high,Mon,0,10,41,53,1
research paper draft,academic,low,Fri,0,20,40,40,1
client call,work,medium,Fri,0,10,42,54,0
call family,personal,high,Thu,0,19,35,42,1
lab report writeup,academic,medium,Tue,0,12,65,58,1
prepare slide deck,work,high,Mon,0,11,62,75,1
write project report,work,low,Mon,0,13,54,60,0
update roadmap,work,medium,Tue,0,13,28,27,0
read tech book,learning,low,Sat,1,19,42,40,0
prepare slide deck,work,medium,Tue,0,16,24,30,1
write project report,work,high,Wed,0,16,62,83,1
car maintenance,personal,low,Mon,0,16,15,17,1
client call,work,medium,Tue,0,15,25,23,1
research paper draft,academic,low,Thu,0,11,49,47,1
code review,work,medium,Thu,0,13,53,69,1
lab report writeup,academic,medium,Tue,0,18,49,50,1
prepare presentation,academic,high,Mon,0,12,52,77,1
code review,work,medium,Wed,0,10,39,44,1
update roadmap,work,low,Tue,0,20,47,49,0
online course,learning,low,Tue,0,19,31,35,1
reply to emails,work,low,Sun,1,22,30,31,0
evening walk,health,low,Thu,0,5,56,53,0
yoga session,health,low,Thu,0,5,44,46,0
read chapter,academic,high,Wed,0,11,75,95,0
stretching routine,health,medium,Wed,0,6,40,47,1
lab report writeup,academic,medium,Thu,0,18,57,57,1
online course,learning,low,Fri,0,21,56,56,1
review lecture notes,academic,high,Fri,0,15,74,112,1
update roadmap,work,medium,Tue,0,8,57,64,1
finish assignment,academic,low,Thu,0,14,57,63,1
online course,learning,medium,Wed,0,20,64,96,1
reply to emails,work,medium,Sat,1,14,15,17,0
cycling session,health,low,Thu,0,5,48,51,0
prepare presentation,academic,medium,Thu,0,13,51,61,1
grocery shopping,personal,medium,Mon,0,17,35,41,1
study for midterms,academic,low,Thu,0,6,47,51,0
listen to podcast,learning,high,Mon,0,20,30,39,1
prepare presentation,academic,high,Wed,0,9,66,83,1
review lecture notes,academic,medium,Mon,0,14,30,29,1
lab report writeup,academic,medium,Fri,0,9,52,58,0
write project report,work,medium,Tue,0,8,32,40,1
meal prep,health,medium,Wed,0,5,38,40,0
lab report writeup,academic,medium,Sat,1,15,75,88,1
grocery shopping,personal,low,Tue,0,16,25,25,0
code review,work,medium,Thu,0,4,49,53,0
prepare slide deck,work,high,Wed,0,14,56,62,0
code review,work,medium,Mon,0,15,35,46,0
team standup,work,low,Fri,0,13,36,38,0
meal prep,health,medium,Mon,0,5,53,77,0
study for midterms,academic,low,Wed,0,11,58,64,0
finish assignment,academic,low,Thu,0,16,70,79,1
read tech book,learning,low,Thu,0,16,57,47,0
algorithm practice,learning,low,Fri,0,19,32,26,1
update roadmap,work,medium,Tue,0,16,33,38,1
code review,work,medium,Mon,0,16,50,51,1
yoga session,health,low,Fri,0,8,20,19,1
team standup,work,high,Thu,0,13,41,69,1
lab report writeup,academic,high,Sat,1,14,42,63,1
review lecture notes,academic,high,Sat,1,18,82,100,0
budget review,personal,low,Sat,1,15,33,25,1
yoga session,health,medium,Thu,0,7,51,53,1
finish assignment,academic,high,Wed,0,11,59,75,1
research paper draft,academic,medium,Fri,0,12,57,63,1
research paper draft,academic,low,Wed,0,17,53,46,1
evening walk,health,low,Tue,0,5,34,38,0
read chapter,academic,medium,Sat,1,12,113,121,0
review lecture notes,academic,high,Sat,1,15,76,109,1
organize closet,personal,medium,Wed,0,19,19,22,1
solve problem set,academic,medium,Mon,0,16,112,141,1
morning run,health,low,Wed,0,8,35,34,1
read chapter,academic,medium,Sat,1,16,66,69,1
prepare presentation,academic,high,Sun,1,19,78,99,0
study for midterms,academic,medium,Tue,0,16,30,32,1
grocery shopping,personal,medium,Mon,0,19,21,29,0
read tech book,learning,high,Sat,1,19,74,101,1
call family,personal,low,Wed,0,12,27,27,1
fix high-prio bug,work,medium,Thu,0,12,59,74,1
gym workout,health,low,Sun,1,7,35,35,0
solve problem set,academic,medium,Mon,0,12,58,74,1
fix high-prio bug,work,medium,Fri,0,13,71,79,1
system design study,learning,medium,Mon,0,18,56,61,0
lab report writeup,academic,medium,Wed,0,11,53,55,1
review lecture notes,academic,medium,Sat,1,8,46,63,0
research paper draft,academic,high,Wed,0,8,48,64,1
review lecture notes,academic,medium,Sun,1,10,84,85,0
read chapter,academic,low,Thu,0,11,75,76,1
cycling session,health,medium,Wed,0,8,28,30,1
reply to emails,work,medium,Tue,0,10,46,51,1
practice coding,learning,low,Wed,0,17,48,49,0
plan weekend trip,personal,high,Wed,0,23,33,51,0
prepare slide deck,work,high,Mon,0,15,35,48,1
code review,work,low,Wed,0,11,61,57,1
update roadmap,work,high,Wed,0,12,44,56,1
morning run,health,low,Fri,0,5,43,46,0
update roadmap,work,low,Fri,0,15,33,27,1
morning run,health,low,Fri,0,5,32,29,0
code review,work,high,Mon,0,23,84,116,0
evening walk,health,medium,Tue,0,5,58,55,0
reply to emails,work,low,Fri,0,11,43,42,1
reply to emails,work,medium,Thu,0,14,67,73,1
practice coding,learning,medium,Mon,0,16,68,85,0
call family,personal,low,Sat,1,13,23,22,0
solve problem set,academic,high,Fri,0,12,45,68,1
watch tutorial,learning,high,Thu,0,11,60,82,1
update roadmap,work,medium,Mon,0,22,48,65,0
online course,learning,high,Fri,0,18,43,50,0
organize closet,personal,medium,Thu,0,20,37,49,1
team standup,work,high,Fri,0,12,23,30,1
review lecture notes,academic,medium,Fri,0,14,62,82,0
team standup,work,medium,Sat,1,13,26,33,1
team standup,work,low,Thu,0,15,26,20,0
cycling session,health,high,Mon,0,7,32,45,1
code review,work,medium,Fri,0,9,50,63,0
prepare presentation,academic,low,Thu,0,9,46,52,1
laundry & cleaning,personal,low,Fri,0,19,17,15,1
read tech book,learning,medium,Tue,0,20,57,69,1
write project report,work,medium,Tue,0,14,67,79,0
solve problem set,academic,medium,Sat,1,2,72,86,0
team standup,work,high,Fri,0,18,72,107,1
read chapter,academic,low,Sun,1,13,88,98,0
practice coding,learning,medium,Fri,0,22,42,45,0
research paper draft,academic,low,Thu,0,12,72,74,1
yoga session,health,high,Fri,0,8,39,53,1
code review,work,high,Sat,1,10,60,79,0
yoga session,health,medium,Thu,0,7,39,44,1
morning run,health,medium,Thu,0,6,32,38,0
laundry & cleaning,personal,low,Mon,0,19,43,40,0
finish assignment,academic,medium,Wed,0,16,66,83,1
lab report writeup,academic,high,Fri,0,13,46,70,1
study for midterms,academic,medium,Tue,0,5,50,53,0
watch tutorial,learning,medium,Tue,0,23,39,51,0
system design study,learning,medium,Tue,0,21,34,36,0
morning run,health,high,Tue,0,5,35,51,1
meditation session,health,low,Tue,0,5,43,49,0
stretching routine,health,low,Wed,0,5,40,40,1
lab report writeup,academic,medium,Sun,1,13,51,54,0
online course,learning,high,Thu,0,5,72,91,1
client call,work,low,Tue,0,10,15,16,1
code review,work,low,Mon,0,13,49,59,1
reply to emails,work,low,Fri,0,12,42,35,0
solve problem set,academic,low,Wed,0,16,40,40,1
research paper draft,academic,medium,Sat,1,5,67,76,0
grocery shopping,personal,medium,Fri,0,10,27,30,1
prepare presentation,academic,medium,Fri,0,10,84,96,0
morning run,health,medium,Tue,0,6,48,52,1
solve problem set,academic,medium,Fri,0,15,98,127,1
reply to emails,work,high,Tue,0,18,37,57,1
prepare slide deck,work,medium,Sun,1,13,65,75,1
fix high-prio bug,work,high,Thu,0,11,27,36,1
pay bills,personal,medium,Wed,0,10,28,31,1
client call,work,low,Tue,0,11,38,38,1
morning run,health,medium,Tue,0,1,46,63,0
update roadmap,work,low,Fri,0,17,53,52,1
meal prep,health,medium,Tue,0,7,30,32,0
language practice,learning,low,Thu,0,20,59,57,1
budget review,personal,low,Tue,0,18,26,28,0
research paper draft,academic,high,Fri,0,14,43,54,1
lab report writeup,academic,low,Sat,1,12,59,59,0
reply to emails,work,high,Fri,0,9,22,31,1
meditation session,health,low,Fri,0,8,49,46,1
study for midterms,academic,medium,Tue,0,14,58,55,1
write project report,work,medium,Mon,0,15,44,45,1
yoga session,health,medium,Fri,0,7,39,41,1
reply to emails,work,low,Wed,0,13,69,67,1
budget review,personal,low,Wed,0,15,45,45,1
study for midterms,academic,low,Mon,0,16,87,94,1
solve problem set,academic,low,Tue,0,12,58,51,1
grocery shopping,personal,medium,Mon,0,16,18,22,1
reply to emails,work,high,Sat,1,12,44,57,0
morning run,health,high,Tue,0,7,43,48,0
code review,work,medium,Thu,0,12,57,66,1
solve problem set,academic,medium,Mon,0,14,66,86,1
pay bills,personal,medium,Fri,0,16,19,24,1
call family,personal,low,Wed,0,12,24,24,1
morning run,health,high,Sat,1,7,33,50,1
reply to emails,work,medium,Sat,1,14,53,62,1
morning run,health,medium,Wed,0,6,45,57,1
fix high-prio bug,work,low,Sun,1,13,55,46,0
finish assignment,academic,medium,Sun,1,15,66,66,1
read tech book,learning,medium,Sat,1,22,25,31,0
solve problem set,academic,high,Sat,1,13,30,47,1
online course,learning,medium,Tue,0,19,47,56,1
update roadmap,work,medium,Thu,0,13,46,50,1
prepare presentation,academic,high,Mon,0,12,85,105,1
team standup,work,low,Mon,0,13,46,45,0
watch tutorial,learning,medium,Sun,1,18,35,45,1
laundry & cleaning,personal,low,Wed,0,15,36,35,1
call family,personal,medium,Fri,0,13,29,37,1
meditation session,health,high,Sat,1,6,35,50,1
cycling session,health,low,Sat,1,6,23,27,1
car maintenance,personal,high,Sun,1,17,30,41,1
read chapter,academic,low,Tue,0,10,64,64,1
team standup,work,high,Mon,0,14,30,45,1
review lecture notes,academic,medium,Wed,0,12,74,77,0
watch tutorial,learning,high,Mon,0,16,59,76,1
language practice,learning,low,Mon,0,20,50,42,1
study for midterms,academic,high,Wed,0,12,60,71,1
organize closet,personal,medium,Fri,0,21,39,53,1
algorithm practice,learning,low,Thu,0,17,55,59,0
prepare presentation,academic,high,Tue,0,13,45,52,1
meal prep,health,low,Fri,0,5,38,43,0
online course,learning,high,Tue,0,16,58,73,1
prepare presentation,academic,low,Mon,0,18,30,32,0
meal prep,health,medium,Fri,0,6,30,37,0
update roadmap,work,medium,Thu,0,11,55,74,0
system design study,learning,low,Fri,0,20,68,64,0
listen to podcast,learning,low,Mon,0,20,65,60,0
read tech book,learning,low,Sat,1,16,63,47,0
client call,work,medium,Thu,0,11,46,52,1
language practice,learning,low,Thu,0,18,34,36,1
organize closet,personal,medium,Thu,0,12,28,35,1
team standup,work,low,Sat,1,12,15,17,1
budget review,personal,low,Thu,0,22,43,44,0
lab report writeup,academic,medium,Thu,0,12,43,52,1
morning run,health,low,Sun,1,7,34,34,1
solve problem set,academic,high,Fri,0,13,81,117,1
study for midterms,academic,high,Wed,0,9,30,37,1
prepare presentation,academic,medium,Fri,0,12,36,36,1
stretching routine,health,medium,Wed,0,0,42,44,0
fix high-prio bug,work,high,Tue,0,13,52,72,1
car maintenance,personal,low,Thu,0,14,29,25,1
prepare presentation,academic,low,Sun,1,17,59,55,1
prepare slide deck,work,low,Sun,1,13,64,60,0
code review,work,medium,Wed,0,18,54,67,1
car maintenance,personal,low,Thu,0,12,35,37,1
client call,work,medium,Tue,0,14,56,65,1
evening walk,health,high,Sun,1,7,36,51,0
system design study,learning,high,Sun,1,17,82,116,1
meal prep,health,medium,Fri,0,6,20,22,1
prepare presentation,academic,low,Sat,1,9,89,84,1
solve problem set,academic,high,Fri,0,16,78,121,1
watch tutorial,learning,medium,Thu,0,19,53,46,0
solve problem set,academic,low,Mon,0,10,61,56,1
watch tutorial,learning,low,Wed,0,21,47,46,1
prepare slide deck,work,high,Fri,0,12,61,87,1
online course,learning,medium,Fri,0,17,49,63,1
call family,personal,high,Wed,0,17,22,35,1
read tech book,learning,high,Sun,1,16,63,84,1
client call,work,medium,Tue,0,8,68,78,1
laundry & cleaning,personal,medium,Thu,0,17,15,18,0
update roadmap,work,medium,Fri,0,17,80,87,1
fix high-prio bug,work,low,Fri,0,16,29,26,0
meal prep,health,medium,Fri,0,11,30,34,0
practice coding,learning,medium,Tue,0,18,31,38,1
system design study,learning,medium,Mon,0,20,50,56,1
laundry & cleaning,personal,high,Thu,0,22,17,24,0
prepare slide deck,work,medium,Thu,0,14,27,25,1
code review,work,medium,Tue,0,9,34,39,0
organize closet,personal,medium,Fri,0,18,31,34,1
solve problem set,academic,medium,Wed,0,10,64,64,1
read chapter,academic,medium,Fri,0,14,84,103,0
client call,work,low,Sat,1,9,63,75,1
update roadmap,work,medium,Tue,0,9,60,76,0
update roadmap,work,low,Mon,0,14,41,45,1
lab report writeup,academic,medium,Fri,0,10,30,37,1
lab report writeup,academic,medium,Thu,0,15,30,37,1
prepare presentation,academic,medium,Fri,0,16,80,75,1
system design study,learning,high,Sat,1,20,62,83,1
reply to emails,work,medium,Sat,1,8,35,42,1
prepare slide deck,work,medium,Sun,1,12,23,28,0
evening walk,health,medium,Thu,0,5,29,38,0
lab report writeup,academic,medium,Thu,0,18,63,65,1
listen to podcast,learning,low,Wed,0,8,52,55,1
plan weekend trip,personal,low,Mon,0,11,40,36,0
lab report writeup,academic,medium,Thu,0,5,50,56,0
fix high-prio bug,work,medium,Tue,0,12,41,47,1
algorithm practice,learning,low,Sun,1,17,66,72,1
online course,learning,low,Thu,0,18,25,27,1
reply to emails,work,low,Thu,0,7,49,50,0
gym workout,health,high,Wed,0,6,36,38,1
lab report writeup,academic,low,Mon,0,16,74,77,1
algorithm practice,learning,medium,Mon,0,17,57,64,0
prepare presentation,academic,low,Wed,0,11,46,52,0
read tech book,learning,medium,Mon,0,19,42,54,1
meal prep,health,low,Thu,0,5,20,18,0
meal prep,health,low,Sat,1,5,47,50,0
write project report,work,medium,Sat,1,11,48,59,1
prepare presentation,academic,low,Fri,0,16,87,92,0
review lecture notes,academic,low,Tue,0,12,52,54,1
solve problem set,academic,low,Sat,1,10,78,83,0
solve problem set,academic,low,Sat,1,10,38,44,1
laundry & cleaning,personal,low,Tue,0,18,15,14,1
client call,work,low,Fri,0,11,43,39,1
review lecture notes,academic,high,Tue,0,14,48,70,1
practice coding,learning,medium,Sat,1,18,34,32,1
watch tutorial,learning,medium,Sun,1,20,63,77,1
listen to podcast,learning,low,Mon,0,21,68,71,1
algorithm practice,learning,high,Sat,1,21,51,53,1
read chapter,academic,medium,Thu,0,10,56,60,1
reply to emails,work,low,Sun,1,12,45,52,1
call family,personal,medium,Wed,0,14,23,23,0
yoga session,health,low,Sat,1,8,45,46,0
lab report writeup,academic,low,Mon,0,10,30,27,1
car maintenance,personal,medium,Wed,0,17,19,20,1
lab report writeup,academic,high,Mon,0,13,44,71,1
review lecture notes,academic,medium,Sun,1,10,70,81,0
fix high-prio bug,work,medium,Sat,1,8,40,48,1
cycling session,health,high,Sat,1,5,53,71,0
meal prep,health,low,Sun,1,10,48,41,1
read chapter,academic,low,Mon,0,9,43,38,1
online course,learning,medium,Wed,0,22,59,76,0
write project report,work,medium,Mon,0,13,38,44,1
research paper draft,academic,medium,Tue,0,16,69,73,1
watch tutorial,learning,high,Tue,0,21,62,84,1
listen to podcast,learning,medium,Wed,0,3,66,81,1
language practice,learning,medium,Tue,0,19,53,64,0
plan weekend trip,personal,low,Mon,0,21,46,42,0
gym workout,health,high,Tue,0,5,44,50,1
evening walk,health,high,Mon,0,7,41,53,1
lab report writeup,academic,high,Sun,1,20,53,79,1
team standup,work,low,Fri,0,12,35,38,1
prepare slide deck,work,medium,Sun,1,12,51,61,0
prepare slide deck,work,low,Wed,0,14,46,45,1
call family,personal,low,Tue,0,12,32,30,1
write project report,work,low,Fri,0,15,52,51,1
finish assignment,academic,medium,Wed,0,15,65,81,1
solve problem set,academic,medium,Tue,0,15,100,127,1
evening walk,health,low,Tue,0,5,34,33,0
finish assignment,academic,medium,Mon,0,15,68,98,1
online course,learning,medium,Tue,0,19,46,53,0
code review,work,medium,Wed,0,15,15,17,0
update roadmap,work,low,Fri,0,10,42,48,1
cycling session,health,medium,Mon,0,6,30,27,0
laundry & cleaning,personal,medium,Tue,0,12,29,35,0
update roadmap,work,low,Sat,1,11,44,44,1
evening walk,health,low,Mon,0,5,43,49,1
stretching routine,health,medium,Wed,0,5,34,41,1
fix high-prio bug,work,high,Sat,1,10,38,52,1
practice coding,learning,medium,Mon,0,18,60,74,0
organize closet,personal,medium,Mon,0,13,21,22,1
stretching routine,health,medium,Thu,0,8,21,26,1
read tech book,learning,medium,Tue,0,16,52,52,1
system design study,learning,low,Thu,0,19,66,68,1
laundry & cleaning,personal,medium,Sat,1,16,36,42,1
call family,personal,high,Mon,0,13,31,34,1
stretching routine,health,medium,Thu,0,5,52,60,1
yoga session,health,high,Thu,0,5,50,69,0
gym workout,health,medium,Mon,0,7,36,39,0
plan weekend trip,personal,low,Thu,0,15,32,29,0
study for midterms,academic,high,Tue,0,15,65,92,1
listen to podcast,learning,low,Thu,0,17,48,50,0
algorithm practice,learning,medium,Mon,0,16,67,79,1
finish assignment,academic,low,Wed,0,2,56,56,0
pay bills,personal,low,Tue,0,18,24,23,1
study for midterms,academic,medium,Sat,1,11,30,42,1
prepare slide deck,work,low,Mon,0,13,33,32,1
call family,personal,medium,Wed,0,15,16,17,1
lab report writeup,academic,medium,Wed,0,10,59,68,1
budget review,personal,low,Fri,0,14,17,17,1
organize closet,personal,low,Thu,0,11,36,35,1
fix high-prio bug,work,medium,Fri,0,20,61,83,1
read chapter,academic,low,Fri,0,18,59,52,0
reply to emails,work,medium,Sat,1,14,30,35,1
yoga session,health,medium,Tue,0,7,42,43,1
online course,learning,high,Thu,0,20,78,100,1
yoga session,health,medium,Sat,1,5,55,74,0
prepare slide deck,work,medium,Sun,1,12,23,27,0
yoga session,health,medium,Sat,1,5,25,30,0
code review,work,low,Wed,0,15,19,17,0
call family,personal,low,Tue,0,17,18,17,1
prepare presentation,academic,medium,Thu,0,12,65,88,1
organize closet,personal,medium,Fri,0,11,24,29,1
code review,work,medium,Thu,0,12,32,36,1
watch tutorial,learning,high,Thu,0,17,65,92,1
update roadmap,work,high,Sat,1,17,52,72,1
meditation session,health,high,Wed,0,5,22,27,1
practice coding,learning,medium,Sat,1,19,64,71,1
lab report writeup,academic,low,Wed,0,12,70,86,1
practice coding,learning,medium,Wed,0,21,57,68,1
stretching routine,health,medium,Wed,0,6,34,33,1
read chapter,academic,medium,Fri,0,5,56,68,0
prepare slide deck,work,medium,Mon,0,15,15,19,1
laundry & cleaning,personal,medium,Tue,0,17,38,40,1
research paper draft,academic,medium,Sun,1,9,40,44,1
meal prep,health,low,Tue,0,5,31,36,0
code review,work,medium,Thu,0,17,31,36,1
gym workout,health,low,Thu,0,6,58,57,0
lab report writeup,academic,high,Thu,0,7,46,54,1
online course,learning,low,Fri,0,19,64,71,0
online course,learning,low,Tue,0,13,49,48,1
algorithm practice,learning,low,Thu,0,17,37,29,1
organize closet,personal,medium,Wed,0,12,19,18,1
research paper draft,academic,medium,Fri,0,8,47,51,1
